year; month; day; hour; minute; second; latDirection; lonDirection; latitude; longitude; latDegree; lonDegree; depth; high; starID; sog; cog
2024; 10; 13; 8; 50; 38; E; N; 5001.960000; 1959.681400; 50.032665; 19.994690; 96; 215.09; 8; 0.00; 0.00
2024; 10; 13; 8; 50; 42; E; N; 5001.960400; 1959.681500; 50.032669; 19.994694; 94; 214.80; 8; 0.00; 0.00
2024; 10; 13; 8; 50; 46; E; N; 5001.960400; 1959.681900; 50.032673; 19.994698; 98; 214.69; 8; 0.00; 0.00
2024; 10; 13; 8; 50; 50; E; N; 5001.960400; 1959.682100; 50.032673; 19.994701; 96; 214.59; 8; 0.00; 0.00
2024; 10; 13; 8; 50; 54; E; N; 5001.960400; 1959.682300; 50.032677; 19.994705; 95; 214.40; 8; 0.00; 0.00
2024; 10; 13; 8; 50; 58; E; N; 5001.960400; 1959.682500; 50.032677; 19.994707; 95; 214.19; 9; 0.00; 0.00
2024; 10; 13; 8; 51; 2; E; N; 5001.960400; 1959.682600; 50.032677; 19.994711; -1857; 213.80; 9; 0.00; 0.00
2024; 10; 13; 8; 51; 6; E; N; 5001.960900; 1959.682700; 50.032681; 19.994713; 117; 213.30; 9; 0.00; 0.00
2024; 10; 13; 8; 51; 10; E; N; 5001.960400; 1959.684400; 50.032677; 19.994740; 96; 212.69; 9; 0.00; 0.00
2024; 10; 13; 8; 51; 14; E; N; 5001.960400; 1959.684600; 50.032669; 19.994741; 97; 212.40; 9; 0.00; 0.00
2024; 10; 13; 8; 51; 19; E; N; 5001.960400; 1959.684400; 50.032673; 19.994740; 98; 212.30; 9; 0.00; 0.00
2024; 10; 13; 8; 51; 23; E; N; 5001.960400; 1959.684300; 50.032673; 19.994738; 94; 212.09; 9; 0.00; 0.00
2024; 10; 13; 8; 51; 27; E; N; 5001.960400; 1959.684200; 50.032673; 19.994738; 95; 211.80; 9; 0.00; 0.00
2024; 10; 13; 8; 51; 31; E; N; 5001.960400; 1959.684100; 50.032677; 19.994736; 96; 211.59; 9; 0.00; 0.00
2024; 10; 13; 8; 51; 35; E; N; 5001.960400; 1959.684000; 50.032673; 19.994734; 95; 211.50; 9; 0.00; 0.00
2024; 10; 13; 8; 51; 39; E; N; 5001.960400; 1959.683700; 50.032677; 19.994730; 97; 211.40; 9; 0.00; 0.00
2024; 10; 13; 8; 51; 43; E; N; 5001.960400; 1959.683600; 50.032677; 19.994728; 97; 211.40; 9; 0.00; 0.00
2024; 10; 13; 8; 51; 47; E; N; 5001.960400; 1959.683600; 50.032677; 19.994726; 97; 211.40; 9; 0.00; 0.00
2024; 10; 13; 8; 51; 51; E; N; 5001.960400; 1959.683500; 50.032677; 19.994726; 96; 211.50; 9; 0.00; 0.00
2024; 10; 13; 8; 51; 55; E; N; 5001.960400; 1959.683500; 50.032677; 19.994724; 95; 211.59; 9; 0.00; 0.00
2024; 10; 13; 8; 51; 59; E; N; 5001.960400; 1959.683500; 50.032677; 19.994724; 98; 211.59; 9; 0.00; 0.00
2024; 10; 13; 8; 52; 3; E; N; 5001.960400; 1959.683300; 50.032677; 19.994724; 97; 211.59; 9; 0.00; 0.00
2024; 10; 13; 8; 52; 8; E; N; 5001.960400; 1959.683300; 50.032677; 19.994724; 94; 211.69; 9; 0.00; 0.00
2024; 10; 13; 8; 52; 12; E; N; 5001.960400; 1959.683300; 50.032677; 19.994724; 98; 211.59; 9; 0.00; 0.00
2024; 10; 13; 8; 52; 16; E; N; 5001.960400; 1959.683300; 50.032677; 19.994722; 98; 211.59; 9; 0.00; 0.00
2024; 10; 13; 8; 52; 20; E; N; 5001.960400; 1959.683300; 50.032673; 19.994722; 94; 211.59; 9; 0.00; 0.00
2024; 10; 13; 8; 52; 24; E; N; 5001.960400; 1959.683300; 50.032673; 19.994722; 94; 211.59; 9; 0.00; 0.00
2024; 10; 13; 8; 52; 28; E; N; 5001.960400; 1959.683300; 50.032673; 19.994722; 93; 211.59; 9; 0.00; 0.00
2024; 10; 13; 8; 52; 32; E; N; 5001.960400; 1959.683300; 50.032673; 19.994722; 95; 211.59; 9; 0.00; 0.00
2024; 10; 13; 8; 52; 36; E; N; 5001.960400; 1959.683500; 50.032673; 19.994724; -1858; 211.50; 9; 0.00; 0.00
2024; 10; 13; 8; 52; 40; E; N; 5001.960400; 1959.683200; 50.032673; 19.994722; -1853; 211.50; 9; 0.00; 0.00
2024; 10; 13; 8; 52; 44; E; N; 5001.959500; 1959.683100; 50.032654; 19.994719; 95; 211.30; 9; 0.00; 0.00
2024; 10; 13; 8; 52; 48; E; N; 5001.959000; 1959.683200; 50.032650; 19.994720; 95; 211.19; 9; 0.00; 0.00
2024; 10; 13; 8; 52; 53; E; N; 5001.959000; 1959.683100; 50.032650; 19.994719; 98; 211.19; 9; 0.00; 0.00
2024; 10; 13; 8; 52; 57; E; N; 5001.959000; 1959.683100; 50.032650; 19.994719; 97; 211.09; 9; 0.00; 0.00
2024; 10; 13; 8; 53; 1; E; N; 5001.959000; 1959.683100; 50.032650; 19.994719; 95; 211.00; 9; 0.00; 0.00
2024; 10; 13; 8; 53; 5; E; N; 5001.959000; 1959.683100; 50.032650; 19.994719; 98; 211.19; 9; 0.00; 0.00
2024; 10; 13; 8; 53; 9; E; N; 5001.959000; 1959.683000; 50.032646; 19.994717; 94; 211.40; 9; 0.00; 0.00
2024; 10; 13; 8; 53; 13; E; N; 5001.959000; 1959.682900; 50.032646; 19.994715; 99; 211.50; 9; 0.00; 0.00
2024; 10; 13; 8; 53; 17; E; N; 5001.959000; 1959.682900; 50.032646; 19.994713; 94; 211.50; 9; 0.00; 0.00
2024; 10; 13; 8; 53; 21; E; N; 5001.959000; 1959.682900; 50.032646; 19.994715; 97; 211.40; 9; 0.00; 0.00
2024; 10; 13; 8; 53; 25; E; N; 5001.958500; 1959.682900; 50.032646; 19.994715; 97; 211.50; 9; 0.00; 0.00
2024; 10; 13; 8; 53; 29; E; N; 5001.958500; 1959.683000; 50.032646; 19.994717; 97; 211.59; 10; 0.00; 0.00
2024; 10; 13; 8; 53; 33; E; N; 5001.958500; 1959.683000; 50.032646; 19.994717; 95; 211.50; 10; 0.00; 0.00
2024; 10; 13; 8; 53; 38; E; N; 5001.958500; 1959.683100; 50.032646; 19.994719; 94; 211.50; 10; 0.00; 0.00
2024; 10; 13; 8; 53; 42; E; N; 5001.958500; 1959.683100; 50.032642; 19.994719; 94; 211.50; 10; 0.00; 0.00
2024; 10; 13; 8; 53; 46; E; N; 5001.958500; 1959.683000; 50.032642; 19.994717; -1855; 211.50; 10; 0.00; 0.00
2024; 10; 13; 8; 53; 50; E; N; 5001.958500; 1959.683000; 50.032646; 19.994717; -1858; 211.59; 10; 0.00; 0.00
2024; 10; 13; 8; 53; 54; E; N; 5001.958000; 1959.683100; 50.032631; 19.994720; -1855; 211.59; 10; 0.00; 0.00
2024; 10; 13; 8; 53; 58; E; N; 5001.957500; 1959.683200; 50.032627; 19.994720; 117; 211.40; 10; 0.00; 0.00
2024; 10; 13; 8; 54; 2; E; N; 5001.958000; 1959.683800; 50.032631; 19.994732; 133; 211.19; 10; 0.00; 0.00
2024; 10; 13; 8; 54; 6; E; N; 5001.958000; 1959.684000; 50.032631; 19.994734; 133; 211.09; 10; 0.00; 0.00
2024; 10; 13; 8; 54; 10; E; N; 5001.957500; 1959.683800; 50.032627; 19.994730; 132; 211.00; 10; 0.00; 0.00
2024; 10; 13; 8; 54; 14; E; N; 5001.957500; 1959.683600; 50.032627; 19.994726; 133; 210.90; 10; 0.00; 0.00
2024; 10; 13; 8; 54; 18; E; N; 5001.957500; 1959.683600; 50.032623; 19.994726; 132; 210.69; 10; 0.00; 0.00
2024; 10; 13; 8; 54; 23; E; N; 5001.957000; 1959.683600; 50.032619; 19.994726; 132; 210.50; 10; 0.00; 0.00
2024; 10; 13; 8; 54; 27; E; N; 5001.957000; 1959.683800; 50.032619; 19.994730; 131; 210.19; 10; 0.00; 0.00
2024; 10; 13; 8; 54; 31; E; N; 5001.957000; 1959.684000; 50.032616; 19.994734; 131; 210.09; 10; 0.00; 0.00
2024; 10; 13; 8; 54; 35; E; N; 5001.957000; 1959.684100; 50.032612; 19.994736; 128; 210.00; 10; 0.00; 0.00
2024; 10; 13; 8; 54; 39; E; N; 5001.956500; 1959.684200; 50.032612; 19.994738; 127; 209.90; 10; 0.00; 0.00
2024; 10; 13; 8; 54; 43; E; N; 5001.956500; 1959.684300; 50.032608; 19.994738; 130; 209.80; 10; 0.00; 0.00
2024; 10; 13; 8; 54; 47; E; N; 5001.956500; 1959.684300; 50.032608; 19.994738; 131; 209.69; 10; 0.00; 0.00
2024; 10; 13; 8; 54; 51; E; N; 5001.956500; 1959.684200; 50.032608; 19.994738; 131; 209.50; 10; 0.00; 0.00
2024; 10; 13; 8; 54; 55; E; N; 5001.956500; 1959.684300; 50.032608; 19.994740; 129; 209.30; 9; 0.00; 0.00
2024; 10; 13; 8; 54; 59; E; N; 5001.956500; 1959.684400; 50.032604; 19.994740; 128; 209.19; 9; 0.00; 0.00
2024; 10; 13; 8; 55; 3; E; N; 5001.956500; 1959.684400; 50.032604; 19.994740; 99; 209.00; 10; 0.00; 0.00
2024; 10; 13; 8; 55; 7; E; N; 5001.956100; 1959.684400; 50.032604; 19.994741; 1611; 208.80; 10; 0.00; 0.00
2024; 10; 13; 8; 55; 12; E; N; 5001.956500; 1959.684400; 50.032608; 19.994741; -1855; 208.59; 10; 0.00; 0.00
2024; 10; 13; 8; 55; 16; E; N; 5001.956500; 1959.684400; 50.032608; 19.994741; -1858; 208.59; 10; 0.00; 0.00
2024; 10; 13; 8; 55; 20; E; N; 5001.956100; 1959.685700; 50.032604; 19.994761; -1855; 209.30; 10; 0.00; 0.00
2024; 10; 13; 8; 55; 24; E; N; 5001.955600; 1959.686600; 50.032597; 19.994778; -1855; 209.09; 10; 0.00; 0.00
2024; 10; 13; 8; 55; 28; E; N; 5001.955600; 1959.686600; 50.032593; 19.994778; 154; 209.00; 10; 0.00; 0.00
2024; 10; 13; 8; 55; 32; E; N; 5001.955600; 1959.686400; 50.032589; 19.994774; 159; 208.80; 10; 0.00; 0.00
2024; 10; 13; 8; 55; 36; E; N; 5001.955600; 1959.686600; 50.032593; 19.994778; 149; 208.59; 10; 0.00; 0.00
2024; 10; 13; 8; 55; 40; E; N; 5001.955600; 1959.686600; 50.032593; 19.994778; 149; 208.40; 10; 0.00; 0.00
2024; 10; 13; 8; 55; 44; E; N; 5001.955600; 1959.686800; 50.032593; 19.994780; 149; 208.19; 10; 0.00; 0.00
2024; 10; 13; 8; 55; 48; E; N; 5001.955600; 1959.687000; 50.032593; 19.994783; 160; 208.00; 10; 0.00; 0.00
2024; 10; 13; 8; 55; 52; E; N; 5001.955600; 1959.687300; 50.032589; 19.994787; 161; 207.80; 10; 0.00; 0.00
2024; 10; 13; 8; 55; 57; E; N; 5001.955100; 1959.687400; 50.032585; 19.994791; 158; 207.50; 10; 0.00; 0.00
2024; 10; 13; 8; 56; 1; E; N; 5001.955100; 1959.687600; 50.032585; 19.994793; 149; 207.30; 10; 0.00; 0.00
2024; 10; 13; 8; 56; 5; E; N; 5001.955100; 1959.687700; 50.032585; 19.994797; 109; 207.09; 10; 0.00; 0.00
2024; 10; 13; 8; 56; 9; E; N; 5001.955100; 1959.687700; 50.032585; 19.994797; 101; 207.09; 10; 0.00; 0.00
2024; 10; 13; 8; 56; 13; E; N; 5001.955100; 1959.687900; 50.032581; 19.994799; 145; 206.80; 10; 0.00; 0.00
2024; 10; 13; 8; 56; 17; E; N; 5001.955100; 1959.687900; 50.032581; 19.994799; 149; 206.59; 10; 0.00; 0.00
2024; 10; 13; 8; 56; 21; E; N; 5001.955100; 1959.687900; 50.032581; 19.994799; 156; 206.50; 10; 0.00; 0.00
2024; 10; 13; 8; 56; 25; E; N; 5001.955100; 1959.687900; 50.032581; 19.994799; 159; 206.40; 10; 0.00; 0.00
2024; 10; 13; 8; 56; 29; E; N; 5001.954600; 1959.687900; 50.032581; 19.994797; 150; 206.30; 10; 0.00; 0.00
2024; 10; 13; 8; 56; 33; E; N; 5001.954600; 1959.687700; 50.032581; 19.994797; 148; 206.19; 10; 0.00; 0.00
2024; 10; 13; 8; 56; 37; E; N; 5001.954600; 1959.687700; 50.032578; 19.994797; 149; 206.09; 10; 0.00; 0.00
2024; 10; 13; 8; 56; 42; E; N; 5001.954600; 1959.687700; 50.032578; 19.994797; 149; 206.09; 10; 0.00; 0.00
2024; 10; 13; 8; 56; 46; E; N; 5001.954600; 1959.687900; 50.032581; 19.994797; -1858; 206.00; 10; 0.00; 0.00
2024; 10; 13; 8; 56; 50; E; N; 5001.954600; 1959.687900; 50.032581; 19.994799; -1858; 205.69; 10; 0.00; 0.00
2024; 10; 13; 8; 56; 54; E; N; 5001.955100; 1959.688000; 50.032585; 19.994801; -1853; 205.59; 10; 0.00; 0.00
2024; 10; 13; 8; 56; 58; E; N; 5001.955100; 1959.688000; 50.032585; 19.994801; -1853; 205.50; 10; 0.00; 0.00
2024; 10; 13; 8; 57; 2; E; N; 5001.955600; 1959.688100; 50.032589; 19.994801; -1853; 205.40; 10; 0.00; 0.00
2024; 10; 13; 8; 57; 6; E; N; 5001.955100; 1959.688000; 50.032589; 19.994799; 116; 205.40; 10; 0.00; 0.00
2024; 10; 13; 8; 57; 10; E; N; 5001.955100; 1959.687900; 50.032589; 19.994799; 97; 205.30; 10; 0.00; 0.00
2024; 10; 13; 8; 57; 14; E; N; 5001.955100; 1959.687900; 50.032589; 19.994797; 99; 205.19; 10; 0.00; 0.00
2024; 10; 13; 8; 57; 18; E; N; 5001.955600; 1959.687900; 50.032589; 19.994797; 94; 205.09; 10; 0.00; 0.00
2024; 10; 13; 8; 57; 22; E; N; 5001.955600; 1959.687900; 50.032589; 19.994797; 97; 205.00; 10; 0.00; 0.00
2024; 10; 13; 8; 57; 27; E; N; 5001.955600; 1959.687900; 50.032589; 19.994799; 98; 205.00; 10; 0.00; 0.00
2024; 10; 13; 8; 57; 31; E; N; 5001.955600; 1959.687900; 50.032589; 19.994799; 98; 204.90; 10; 0.00; 0.00
2024; 10; 13; 8; 57; 35; E; N; 5001.955600; 1959.687900; 50.032589; 19.994799; 98; 204.80; 10; 0.00; 0.00
2024; 10; 13; 8; 57; 39; E; N; 5001.955600; 1959.687900; 50.032589; 19.994799; 97; 204.69; 10; 0.00; 0.00
2024; 10; 13; 8; 57; 43; E; N; 5001.955600; 1959.687900; 50.032589; 19.994799; 98; 204.59; 10; 0.00; 0.00
2024; 10; 13; 8; 57; 47; E; N; 5001.955600; 1959.688000; 50.032589; 19.994799; 97; 204.50; 10; 0.00; 0.00
2024; 10; 13; 8; 57; 51; E; N; 5001.955600; 1959.688000; 50.032589; 19.994799; 96; 204.50; 10; 0.00; 0.00
2024; 10; 13; 8; 57; 55; E; N; 5001.955600; 1959.688000; 50.032593; 19.994801; 98; 204.40; 10; 0.00; 0.00
2024; 10; 13; 8; 57; 59; E; N; 5001.955600; 1959.688000; 50.032589; 19.994801; 97; 204.30; 10; 0.00; 0.00
2024; 10; 13; 8; 58; 3; E; N; 5001.955600; 1959.688000; 50.032589; 19.994801; 98; 204.09; 10; 0.00; 0.00
2024; 10; 13; 8; 58; 7; E; N; 5001.955600; 1959.688100; 50.032589; 19.994801; 98; 204.00; 10; 0.00; 0.00
2024; 10; 13; 8; 58; 11; E; N; 5001.955600; 1959.688100; 50.032589; 19.994802; 97; 203.80; 10; 0.00; 0.00
2024; 10; 13; 8; 58; 16; E; N; 5001.955600; 1959.688100; 50.032589; 19.994802; 95; 203.69; 10; 0.00; 0.00
2024; 10; 13; 8; 58; 20; E; N; 5001.955600; 1959.688100; 50.032589; 19.994802; 98; 203.69; 10; 0.00; 0.00
2024; 10; 13; 8; 58; 24; E; N; 5001.955600; 1959.688100; 50.032593; 19.994802; 98; 203.59; 10; 0.00; 0.00
2024; 10; 13; 8; 58; 28; E; N; 5001.955600; 1959.688100; 50.032593; 19.994802; 97; 203.50; 10; 0.00; 0.00
2024; 10; 13; 8; 58; 32; E; N; 5001.955600; 1959.688100; 50.032593; 19.994802; 98; 203.40; 10; 0.00; 0.00
2024; 10; 13; 8; 58; 36; E; N; 5001.955600; 1959.688200; 50.032593; 19.994804; 94; 203.40; 10; 0.00; 0.00
2024; 10; 13; 8; 58; 40; E; N; 5001.955600; 1959.688200; 50.032593; 19.994804; -1853; 203.30; 10; 0.00; 0.00
2024; 10; 13; 8; 58; 44; E; N; 5001.955600; 1959.688100; 50.032597; 19.994801; -1853; 203.19; 10; 0.00; 0.00
2024; 10; 13; 8; 58; 48; E; N; 5001.956100; 1959.688100; 50.032597; 19.994802; -1855; 203.30; 10; 0.00; 0.00
2024; 10; 13; 8; 58; 52; E; N; 5001.956500; 1959.688400; 50.032608; 19.994806; -1853; 203.30; 10; 0.00; 0.00
2024; 10; 13; 8; 58; 56; E; N; 5001.957000; 1959.688500; 50.032616; 19.994808; -1853; 203.19; 10; 0.00; 0.00
2024; 10; 13; 8; 59; 1; E; N; 5001.957000; 1959.688600; 50.032619; 19.994810; 135; 203.19; 10; 0.00; 0.00
2024; 10; 13; 8; 59; 5; E; N; 5001.957000; 1959.688700; 50.032619; 19.994812; 94; 203.09; 10; 0.00; 0.00
2024; 10; 13; 8; 59; 9; E; N; 5001.957000; 1959.688800; 50.032619; 19.994814; 98; 203.09; 10; 0.00; 0.00
2024; 10; 13; 8; 59; 13; E; N; 5001.957000; 1959.689000; 50.032619; 19.994818; 97; 203.00; 10; 0.00; 0.00
2024; 10; 13; 8; 59; 17; E; N; 5001.957500; 1959.689100; 50.032619; 19.994820; 97; 203.00; 10; 0.00; 0.00
2024; 10; 13; 8; 59; 21; E; N; 5001.957000; 1959.689200; 50.032619; 19.994822; 95; 202.90; 10; 0.00; 0.00
2024; 10; 13; 8; 59; 25; E; N; 5001.957500; 1959.689300; 50.032623; 19.994822; 98; 202.90; 10; 0.00; 0.00
2024; 10; 13; 8; 59; 29; E; N; 5001.957500; 1959.689300; 50.032623; 19.994822; 95; 202.80; 10; 0.00; 0.00
2024; 10; 13; 8; 59; 33; E; N; 5001.957500; 1959.689300; 50.032623; 19.994823; 97; 202.80; 10; 0.00; 0.00
2024; 10; 13; 8; 59; 37; E; N; 5001.957500; 1959.689500; 50.032623; 19.994823; 94; 202.80; 10; 0.00; 0.00
2024; 10; 13; 8; 59; 41; E; N; 5001.957500; 1959.689500; 50.032623; 19.994823; 97; 202.80; 10; 0.00; 0.00
2024; 10; 13; 8; 59; 46; E; N; 5001.957500; 1959.689300; 50.032623; 19.994823; 97; 202.69; 10; 0.00; 0.00
2024; 10; 13; 8; 59; 50; E; N; 5001.957500; 1959.689300; 50.032627; 19.994822; 97; 202.59; 10; 0.00; 0.00
2024; 10; 13; 8; 59; 54; E; N; 5001.957500; 1959.689200; 50.032627; 19.994820; 93; 202.59; 10; 0.00; 0.00
2024; 10; 13; 8; 59; 58; E; N; 5001.957500; 1959.689200; 50.032627; 19.994820; 98; 202.69; 10; 0.00; 0.00
2024; 10; 13; 9; 0; 2; E; N; 5001.957500; 1959.689200; 50.032631; 19.994820; 98; 202.59; 10; 0.00; 0.00
2024; 10; 13; 9; 0; 6; E; N; 5001.958000; 1959.689200; 50.032631; 19.994820; 96; 202.50; 10; 0.00; 0.00
2024; 10; 13; 9; 0; 10; E; N; 5001.958000; 1959.689200; 50.032631; 19.994822; 96; 202.50; 10; 0.00; 0.00
2024; 10; 13; 9; 0; 14; E; N; 5001.958000; 1959.689200; 50.032631; 19.994822; 97; 202.40; 10; 0.00; 0.00
2024; 10; 13; 9; 0; 18; E; N; 5001.958000; 1959.689300; 50.032631; 19.994822; 94; 202.40; 10; 0.00; 0.00
2024; 10; 13; 9; 0; 22; E; N; 5001.958000; 1959.689300; 50.032631; 19.994822; -1853; 202.40; 10; 0.00; 0.00
2024; 10; 13; 9; 0; 26; E; N; 5001.958000; 1959.689300; 50.032631; 19.994823; -1853; 202.30; 10; 0.00; 0.00
2024; 10; 13; 9; 0; 30; E; N; 5001.958000; 1959.691500; 50.032631; 19.994858; -1853; 201.90; 10; 0.00; 0.00
2024; 10; 13; 9; 0; 35; E; N; 5001.957500; 1959.693400; 50.032623; 19.994890; -1853; 201.80; 10; 0.00; 0.00
2024; 10; 13; 9; 0; 39; E; N; 5001.957500; 1959.693200; 50.032623; 19.994886; -1853; 201.80; 10; 0.00; 0.00
2024; 10; 13; 9; 0; 43; E; N; 5001.957500; 1959.693000; 50.032627; 19.994883; -1858; 201.80; 10; 0.00; 0.00
2024; 10; 13; 9; 0; 47; E; N; 5001.957500; 1959.692900; 50.032631; 19.994881; 97; 201.80; 10; 0.00; 0.00
2024; 10; 13; 9; 0; 51; E; N; 5001.957500; 1959.692700; 50.032627; 19.994881; 95; 201.69; 10; 0.00; 0.00
2024; 10; 13; 9; 0; 55; E; N; 5001.957500; 1959.692700; 50.032627; 19.994879; 95; 201.69; 10; 0.00; 0.00
2024; 10; 13; 9; 0; 59; E; N; 5001.957500; 1959.692600; 50.032627; 19.994877; 98; 201.69; 10; 0.00; 0.00
2024; 10; 13; 9; 1; 3; E; N; 5001.957500; 1959.692500; 50.032627; 19.994877; 98; 201.69; 10; 0.00; 0.00
2024; 10; 13; 9; 1; 7; E; N; 5001.957500; 1959.692500; 50.032627; 19.994875; 93; 201.69; 10; 0.00; 0.00
2024; 10; 13; 9; 1; 11; E; N; 5001.957500; 1959.692400; 50.032627; 19.994873; 97; 201.69; 10; 0.00; 0.00
2024; 10; 13; 9; 1; 15; E; N; 5001.957500; 1959.692300; 50.032627; 19.994871; 94; 201.50; 10; 0.00; 0.00
2024; 10; 13; 9; 1; 20; E; N; 5001.957500; 1959.692100; 50.032623; 19.994869; 95; 201.40; 10; 0.00; 0.00
2024; 10; 13; 9; 1; 24; E; N; 5001.957500; 1959.692000; 50.032623; 19.994867; 97; 201.40; 10; 0.00; 0.00
2024; 10; 13; 9; 1; 28; E; N; 5001.957500; 1959.692000; 50.032623; 19.994867; 96; 201.40; 10; 0.00; 0.00
2024; 10; 13; 9; 1; 32; E; N; 5001.957000; 1959.692000; 50.032619; 19.994867; 97; 201.40; 10; 0.00; 0.00
2024; 10; 13; 9; 1; 36; E; N; 5001.957000; 1959.692000; 50.032619; 19.994867; 98; 201.40; 10; 0.00; 0.00
2024; 10; 13; 9; 1; 40; E; N; 5001.957000; 1959.692000; 50.032619; 19.994867; 97; 201.40; 10; 0.00; 0.00
2024; 10; 13; 9; 1; 44; E; N; 5001.957000; 1959.692000; 50.032616; 19.994867; 97; 201.30; 10; 0.00; 0.00
2024; 10; 13; 9; 1; 48; E; N; 5001.957000; 1959.691900; 50.032616; 19.994865; 94; 201.30; 10; 0.00; 0.00
2024; 10; 13; 9; 1; 52; E; N; 5001.957000; 1959.692000; 50.032616; 19.994867; 97; 201.30; 10; 0.00; 0.00
2024; 10; 13; 9; 1; 56; E; N; 5001.957000; 1959.692000; 50.032616; 19.994867; 96; 201.30; 10; 0.00; 0.00
2024; 10; 13; 9; 2; 0; E; N; 5001.957000; 1959.692000; 50.032616; 19.994867; 98; 201.19; 10; 0.00; 0.00
2024; 10; 13; 9; 2; 5; E; N; 5001.957000; 1959.692100; 50.032616; 19.994867; 94; 201.00; 10; 0.00; 0.00
2024; 10; 13; 9; 2; 9; E; N; 5001.957000; 1959.692100; 50.032616; 19.994869; 98; 201.00; 10; 0.00; 0.00
2024; 10; 13; 9; 2; 13; E; N; 5001.957000; 1959.692100; 50.032612; 19.994869; 98; 200.90; 10; 0.00; 0.00
2024; 10; 13; 9; 2; 17; E; N; 5001.957000; 1959.692100; 50.032612; 19.994869; -1853; 201.00; 10; 0.00; 0.00
2024; 10; 13; 9; 2; 21; E; N; 5001.957000; 1959.692300; 50.032612; 19.994871; -1858; 201.00; 10; 0.00; 0.00
2024; 10; 13; 9; 2; 25; E; N; 5001.957000; 1959.692300; 50.032612; 19.994871; -1853; 201.00; 10; 0.00; 0.00
2024; 10; 13; 9; 2; 29; E; N; 5001.956500; 1959.693700; 50.032608; 19.994894; -1858; 200.80; 10; 0.00; 0.00
2024; 10; 13; 9; 2; 33; E; N; 5001.956500; 1959.694600; 50.032608; 19.994909; -1858; 200.69; 10; 0.00; 0.00
2024; 10; 13; 9; 2; 37; E; N; 5001.956100; 1959.698100; 50.032600; 19.994968; 127; 200.90; 10; 0.00; 0.00
2024; 10; 13; 9; 2; 41; E; N; 5001.956100; 1959.698400; 50.032600; 19.994972; 138; 200.69; 10; 0.00; 0.00
2024; 10; 13; 9; 2; 45; E; N; 5001.956100; 1959.698200; 50.032600; 19.994970; 95; 200.59; 10; 0.00; 0.00
2024; 10; 13; 9; 2; 50; E; N; 5001.956100; 1959.698000; 50.032600; 19.994967; 97; 200.50; 10; 0.00; 0.00
2024; 10; 13; 9; 2; 54; E; N; 5001.956100; 1959.697800; 50.032600; 19.994963; 97; 200.30; 10; 0.00; 0.00
2024; 10; 13; 9; 2; 58; E; N; 5001.956100; 1959.697800; 50.032600; 19.994963; 94; 200.19; 10; 0.00; 0.00
2024; 10; 13; 9; 3; 2; E; N; 5001.956100; 1959.697800; 50.032597; 19.994963; 96; 200.19; 10; 0.00; 0.00
2024; 10; 13; 9; 3; 6; E; N; 5001.956100; 1959.697800; 50.032597; 19.994963; 95; 200.19; 10; 0.00; 0.00
2024; 10; 13; 9; 3; 10; E; N; 5001.956100; 1959.697800; 50.032600; 19.994963; 97; 200.19; 10; 0.00; 0.00
2024; 10; 13; 9; 3; 14; E; N; 5001.956100; 1959.697600; 50.032600; 19.994961; 94; 200.19; 10; 0.00; 0.00
2024; 10; 13; 9; 3; 18; E; N; 5001.956100; 1959.697500; 50.032600; 19.994959; 98; 200.09; 10; 0.00; 0.00
2024; 10; 13; 9; 3; 22; E; N; 5001.956100; 1959.697500; 50.032600; 19.994959; 97; 200.00; 10; 0.00; 0.00
2024; 10; 13; 9; 3; 26; E; N; 5001.956100; 1959.697500; 50.032600; 19.994959; 98; 200.00; 10; 0.00; 0.00
2024; 10; 13; 9; 3; 30; E; N; 5001.956100; 1959.697400; 50.032600; 19.994957; 95; 200.00; 10; 0.00; 0.00
2024; 10; 13; 9; 3; 34; E; N; 5001.956100; 1959.697400; 50.032600; 19.994957; 97; 199.90; 10; 0.00; 0.00
2024; 10; 13; 9; 3; 39; E; N; 5001.956100; 1959.697400; 50.032600; 19.994957; 95; 200.00; 10; 0.00; 0.00
2024; 10; 13; 9; 3; 43; E; N; 5001.956100; 1959.697300; 50.032600; 19.994955; 95; 200.00; 10; 0.00; 0.00
2024; 10; 13; 9; 3; 47; E; N; 5001.956100; 1959.697400; 50.032600; 19.994955; 97; 200.00; 10; 0.00; 0.00
2024; 10; 13; 9; 3; 51; E; N; 5001.956100; 1959.697400; 50.032600; 19.994957; 99; 199.90; 10; 0.00; 0.00
2024; 10; 13; 9; 3; 55; E; N; 5001.956100; 1959.697400; 50.032600; 19.994957; 98; 199.90; 10; 0.00; 0.00
2024; 10; 13; 9; 3; 59; E; N; 5001.956100; 1959.697300; 50.032600; 19.994955; 98; 199.90; 10; 0.00; 0.00
2024; 10; 13; 9; 4; 3; E; N; 5001.956100; 1959.697300; 50.032600; 19.994955; 96; 200.00; 10; 0.00; 0.00
2024; 10; 13; 9; 4; 7; E; N; 5001.956100; 1959.697300; 50.032600; 19.994955; -1858; 200.00; 10; 0.00; 0.00
2024; 10; 13; 9; 4; 11; E; N; 5001.956100; 1959.697300; 50.032600; 19.994955; -1853; 200.00; 10; 0.00; 0.00
2024; 10; 13; 9; 4; 15; E; N; 5001.956100; 1959.698400; 50.032600; 19.994972; -1853; 200.19; 10; 0.00; 0.00
2024; 10; 13; 9; 4; 19; E; N; 5001.955600; 1959.700600; 50.032593; 19.995010; -1853; 200.40; 10; 0.00; 0.00
2024; 10; 13; 9; 4; 24; E; N; 5001.955100; 1959.702300; 50.032589; 19.995039; 221; 200.50; 10; 0.00; 0.00
2024; 10; 13; 9; 4; 28; E; N; 5001.955100; 1959.702100; 50.032585; 19.995037; 100; 200.50; 10; 0.00; 0.00
2024; 10; 13; 9; 4; 32; E; N; 5001.955600; 1959.702000; 50.032589; 19.995035; 97; 200.40; 10; 0.00; 0.00
2024; 10; 13; 9; 4; 36; E; N; 5001.955600; 1959.702000; 50.032589; 19.995033; 94; 200.30; 10; 0.00; 0.00
2024; 10; 13; 9; 4; 40; E; N; 5001.955600; 1959.701900; 50.032589; 19.995031; 97; 200.19; 10; 0.00; 0.00
2024; 10; 13; 9; 4; 44; E; N; 5001.955100; 1959.701700; 50.032589; 19.995028; 97; 200.09; 10; 0.00; 0.00
2024; 10; 13; 9; 4; 48; E; N; 5001.955100; 1959.701500; 50.032585; 19.995026; 95; 200.09; 10; 0.00; 0.00
2024; 10; 13; 9; 4; 52; E; N; 5001.955100; 1959.701500; 50.032585; 19.995026; 95; 200.00; 10; 0.00; 0.00
2024; 10; 13; 9; 4; 56; E; N; 5001.955100; 1959.701400; 50.032581; 19.995024; 95; 200.00; 10; 0.00; 0.00
2024; 10; 13; 9; 5; 0; E; N; 5001.955100; 1959.701400; 50.032581; 19.995024; 98; 200.00; 10; 0.00; 0.00
2024; 10; 13; 9; 5; 4; E; N; 5001.955100; 1959.701400; 50.032581; 19.995024; 97; 200.00; 10; 0.00; 0.00
2024; 10; 13; 9; 5; 9; E; N; 5001.955100; 1959.701500; 50.032581; 19.995026; 97; 200.00; 9; 0.00; 0.00
2024; 10; 13; 9; 5; 13; E; N; 5001.955100; 1959.701500; 50.032581; 19.995026; 97; 200.00; 10; 0.00; 0.00
2024; 10; 13; 9; 5; 17; E; N; 5001.955100; 1959.701700; 50.032581; 19.995028; 95; 199.90; 10; 0.00; 0.00
2024; 10; 13; 9; 5; 21; E; N; 5001.955100; 1959.701700; 50.032581; 19.995028; 98; 199.90; 10; 0.00; 0.00
2024; 10; 13; 9; 5; 25; E; N; 5001.955100; 1959.701700; 50.032581; 19.995029; 96; 199.90; 10; 0.00; 0.00
2024; 10; 13; 9; 5; 29; E; N; 5001.955100; 1959.701800; 50.032581; 19.995029; 94; 200.00; 10; 0.00; 0.00
2024; 10; 13; 9; 5; 33; E; N; 5001.955100; 1959.701800; 50.032581; 19.995029; 94; 200.00; 10; 0.00; 0.00
2024; 10; 13; 9; 5; 37; E; N; 5001.955100; 1959.701700; 50.032581; 19.995029; 98; 200.00; 10; 0.00; 0.00
2024; 10; 13; 9; 5; 41; E; N; 5001.955100; 1959.701800; 50.032581; 19.995029; 97; 200.00; 10; 0.00; 0.00
2024; 10; 13; 9; 5; 45; E; N; 5001.955100; 1959.701800; 50.032581; 19.995029; 97; 199.90; 10; 0.00; 0.00
2024; 10; 13; 9; 5; 49; E; N; 5001.955100; 1959.701800; 50.032581; 19.995029; 96; 199.90; 10; 0.00; 0.00
2024; 10; 13; 9; 5; 54; E; N; 5001.955100; 1959.701700; 50.032581; 19.995028; 97; 199.90; 10; 0.00; 0.00
2024; 10; 13; 9; 5; 58; E; N; 5001.955100; 1959.701700; 50.032581; 19.995028; 98; 200.00; 10; 0.00; 0.00
2024; 10; 13; 9; 6; 2; E; N; 5001.955100; 1959.701500; 50.032581; 19.995026; 97; 200.09; 10; 0.00; 0.00
2024; 10; 13; 9; 6; 6; E; N; 5001.955100; 1959.701500; 50.032581; 19.995026; 94; 200.09; 10; 0.00; 0.00
2024; 10; 13; 9; 6; 10; E; N; 5001.955100; 1959.701500; 50.032581; 19.995026; 98; 200.00; 10; 0.00; 0.00
2024; 10; 13; 9; 6; 14; E; N; 5001.955100; 1959.701500; 50.032581; 19.995026; 99; 200.00; 10; 0.00; 0.00
2024; 10; 13; 9; 6; 18; E; N; 5001.955100; 1959.701400; 50.032581; 19.995026; -1853; 199.90; 10; 0.00; 0.00
2024; 10; 13; 9; 6; 22; E; N; 5001.955100; 1959.701400; 50.032581; 19.995024; -1855; 199.90; 10; 0.00; 0.00
2024; 10; 13; 9; 6; 26; E; N; 5001.954600; 1959.701500; 50.032581; 19.995026; -1858; 199.90; 10; 0.00; 0.00
2024; 10; 13; 9; 6; 30; E; N; 5001.954600; 1959.701400; 50.032581; 19.995026; -1853; 199.90; 10; 0.00; 0.00
2024; 10; 13; 9; 6; 34; E; N; 5001.954600; 1959.701400; 50.032581; 19.995026; -1855; 199.90; 10; 0.00; 0.00
2024; 10; 13; 9; 6; 38; E; N; 5001.954600; 1959.701800; 50.032581; 19.995031; 95; 199.80; 10; 0.00; 0.00
2024; 10; 13; 9; 6; 43; E; N; 5001.954600; 1959.701900; 50.032581; 19.995031; 98; 199.80; 10; 0.00; 0.00
2024; 10; 13; 9; 6; 47; E; N; 5001.954600; 1959.701900; 50.032578; 19.995031; 95; 199.80; 10; 0.00; 0.00
2024; 10; 13; 9; 6; 51; E; N; 5001.954600; 1959.701900; 50.032578; 19.995031; 98; 199.80; 10; 0.00; 0.00
2024; 10; 13; 9; 6; 55; E; N; 5001.954600; 1959.701900; 50.032578; 19.995031; 97; 199.80; 10; 0.00; 0.00
2024; 10; 13; 9; 6; 59; E; N; 5001.954600; 1959.701900; 50.032581; 19.995033; 94; 199.90; 10; 0.00; 0.00
2024; 10; 13; 9; 7; 3; E; N; 5001.954600; 1959.701900; 50.032578; 19.995031; 97; 199.90; 10; 0.00; 0.00
2024; 10; 13; 9; 7; 7; E; N; 5001.954600; 1959.701900; 50.032578; 19.995031; 95; 199.90; 10; 0.00; 0.00
2024; 10; 13; 9; 7; 11; E; N; 5001.954600; 1959.702000; 50.032578; 19.995033; 94; 199.90; 10; 0.00; 0.00
2024; 10; 13; 9; 7; 15; E; N; 5001.954600; 1959.702000; 50.032578; 19.995035; 98; 200.00; 10; 0.00; 0.00
2024; 10; 13; 9; 7; 19; E; N; 5001.954600; 1959.702100; 50.032578; 19.995035; 95; 199.90; 10; 0.00; 0.00
2024; 10; 13; 9; 7; 23; E; N; 5001.954600; 1959.702100; 50.032578; 19.995035; 94; 199.90; 10; 0.00; 0.00
2024; 10; 13; 9; 7; 28; E; N; 5001.954600; 1959.702100; 50.032578; 19.995035; 98; 199.90; 10; 0.00; 0.00
2024; 10; 13; 9; 7; 32; E; N; 5001.954600; 1959.702000; 50.032578; 19.995035; 94; 199.90; 10; 0.00; 0.00
2024; 10; 13; 9; 7; 36; E; N; 5001.954600; 1959.702000; 50.032574; 19.995035; 93; 200.00; 10; 0.00; 0.00
2024; 10; 13; 9; 7; 40; E; N; 5001.954600; 1959.702000; 50.032574; 19.995035; 94; 200.00; 10; 0.00; 0.00
2024; 10; 13; 9; 7; 44; E; N; 5001.954600; 1959.702000; 50.032574; 19.995035; 95; 200.00; 10; 0.00; 0.00
2024; 10; 13; 9; 7; 48; E; N; 5001.954600; 1959.702000; 50.032578; 19.995035; 98; 200.00; 10; 0.00; 0.00
2024; 10; 13; 9; 7; 52; E; N; 5001.954600; 1959.702000; 50.032578; 19.995035; 94; 199.90; 10; 0.00; 0.00
2024; 10; 13; 9; 7; 56; E; N; 5001.954600; 1959.702000; 50.032578; 19.995035; 95; 199.90; 10; 0.00; 0.00
2024; 10; 13; 9; 8; 0; E; N; 5001.954600; 1959.702000; 50.032578; 19.995033; 96; 199.90; 10; 0.00; 0.00
2024; 10; 13; 9; 8; 4; E; N; 5001.954600; 1959.702000; 50.032578; 19.995033; -1855; 199.80; 10; 0.00; 0.00
2024; 10; 13; 9; 8; 8; E; N; 5001.954600; 1959.702400; 50.032578; 19.995041; -1853; 199.80; 10; 0.00; 0.00
2024; 10; 13; 9; 8; 13; E; N; 5001.954100; 1959.705200; 50.032566; 19.995087; -1853; 199.19; 10; 0.00; 0.00
2024; 10; 13; 9; 8; 17; E; N; 5001.954100; 1959.705800; 50.032566; 19.995096; -1858; 199.19; 10; 0.00; 0.00
2024; 10; 13; 9; 8; 21; E; N; 5001.954100; 1959.705900; 50.032566; 19.995098; -1853; 199.09; 10; 0.00; 0.00
2024; 10; 13; 9; 8; 25; E; N; 5001.954100; 1959.705800; 50.032566; 19.995098; 98; 199.09; 10; 0.00; 0.00
2024; 10; 13; 9; 8; 29; E; N; 5001.954100; 1959.705900; 50.032566; 19.995100; 97; 199.09; 10; 0.00; 0.00
2024; 10; 13; 9; 8; 33; E; N; 5001.954100; 1959.705900; 50.032566; 19.995100; 98; 199.00; 10; 0.00; 0.00
2024; 10; 13; 9; 8; 37; E; N; 5001.954100; 1959.705900; 50.032566; 19.995098; 95; 199.09; 10; 0.00; 0.00
2024; 10; 13; 9; 8; 41; E; N; 5001.954100; 1959.705900; 50.032566; 19.995098; 96; 199.09; 10; 0.00; 0.00
2024; 10; 13; 9; 8; 45; E; N; 5001.954100; 1959.705900; 50.032566; 19.995100; 94; 199.09; 10; 0.00; 0.00
2024; 10; 13; 9; 8; 49; E; N; 5001.953600; 1959.705900; 50.032562; 19.995100; 94; 199.19; 10; 0.00; 0.00
2024; 10; 13; 9; 8; 53; E; N; 5001.953600; 1959.705900; 50.032562; 19.995100; 97; 199.30; 10; 0.00; 0.00
2024; 10; 13; 9; 8; 58; E; N; 5001.953600; 1959.706100; 50.032562; 19.995100; 97; 199.30; 10; 0.00; 0.00
2024; 10; 13; 9; 9; 2; E; N; 5001.953600; 1959.706200; 50.032562; 19.995104; 94; 199.30; 10; 0.00; 0.00
2024; 10; 13; 9; 9; 6; E; N; 5001.953600; 1959.706400; 50.032558; 19.995106; 98; 199.40; 10; 0.00; 0.00
2024; 10; 13; 9; 9; 10; E; N; 5001.953600; 1959.706400; 50.032558; 19.995108; 95; 199.40; 10; 0.00; 0.00
2024; 10; 13; 9; 9; 14; E; N; 5001.953600; 1959.706500; 50.032558; 19.995108; 94; 199.40; 10; 0.00; 0.00
2024; 10; 13; 9; 9; 18; E; N; 5001.953600; 1959.706500; 50.032558; 19.995108; 94; 199.30; 10; 0.00; 0.00
2024; 10; 13; 9; 9; 22; E; N; 5001.953600; 1959.706500; 50.032558; 19.995108; 95; 199.30; 10; 0.00; 0.00
2024; 10; 13; 9; 9; 26; E; N; 5001.953600; 1959.706400; 50.032558; 19.995108; 95; 199.30; 10; 0.00; 0.00
2024; 10; 13; 9; 9; 30; E; N; 5001.953100; 1959.706400; 50.032555; 19.995108; 94; 199.30; 10; 0.00; 0.00
2024; 10; 13; 9; 9; 34; E; N; 5001.953100; 1959.706400; 50.032555; 19.995108; 95; 199.30; 10; 0.00; 0.00
2024; 10; 13; 9; 9; 38; E; N; 5001.953100; 1959.706400; 50.032555; 19.995108; -1858; 199.40; 10; 0.00; 0.00
2024; 10; 13; 9; 9; 42; E; N; 5001.953100; 1959.706900; 50.032555; 19.995115; -1853; 199.69; 10; 0.00; 0.00
2024; 10; 13; 9; 9; 47; E; N; 5001.953100; 1959.709200; 50.032551; 19.995153; -1858; 200.00; 10; 0.00; 0.00
2024; 10; 13; 9; 9; 51; E; N; 5001.952600; 1959.710700; 50.032543; 19.995178; -1855; 200.09; 10; 0.00; 0.00
2024; 10; 13; 9; 9; 55; E; N; 5001.952600; 1959.710600; 50.032543; 19.995176; -1855; 200.09; 10; 0.00; 0.00
2024; 10; 13; 9; 9; 59; E; N; 5001.952600; 1959.710400; 50.032543; 19.995174; -1858; 200.09; 10; 0.00; 0.00
2024; 10; 13; 9; 10; 3; E; N; 5001.952600; 1959.710600; 50.032543; 19.995176; 410; 200.09; 10; 0.00; 0.00
2024; 10; 13; 9; 10; 7; E; N; 5001.952100; 1959.710800; 50.032539; 19.995182; 94; 200.09; 10; 0.00; 0.00
2024; 10; 13; 9; 10; 11; E; N; 5001.952100; 1959.711100; 50.032539; 19.995184; 95; 200.09; 10; 0.00; 0.00
2024; 10; 13; 9; 10; 15; E; N; 5001.952100; 1959.711200; 50.032539; 19.995186; 96; 200.19; 10; 0.00; 0.00
2024; 10; 13; 9; 10; 19; E; N; 5001.952100; 1959.711200; 50.032539; 19.995186; 94; 200.19; 10; 0.00; 0.00
2024; 10; 13; 9; 10; 23; E; N; 5001.952100; 1959.711200; 50.032539; 19.995186; 94; 200.19; 10; 0.00; 0.00
2024; 10; 13; 9; 10; 27; E; N; 5001.952100; 1959.711100; 50.032539; 19.995186; 94; 200.19; 10; 0.00; 0.00
2024; 10; 13; 9; 10; 32; E; N; 5001.952600; 1959.711100; 50.032539; 19.995186; 96; 200.09; 10; 0.00; 0.00
2024; 10; 13; 9; 10; 36; E; N; 5001.952600; 1959.711100; 50.032539; 19.995186; 94; 200.09; 10; 0.00; 0.00
2024; 10; 13; 9; 10; 40; E; N; 5001.952600; 1959.711100; 50.032539; 19.995186; 94; 200.09; 10; 0.00; 0.00
2024; 10; 13; 9; 10; 44; E; N; 5001.952600; 1959.711200; 50.032539; 19.995186; 93; 200.19; 10; 0.00; 0.00
2024; 10; 13; 9; 10; 48; E; N; 5001.952600; 1959.711200; 50.032539; 19.995188; 98; 200.19; 11; 0.00; 0.00
2024; 10; 13; 9; 10; 52; E; N; 5001.952100; 1959.711300; 50.032539; 19.995190; 94; 200.19; 11; 0.00; 0.00
2024; 10; 13; 9; 10; 56; E; N; 5001.952100; 1959.711300; 50.032539; 19.995190; 94; 200.19; 11; 0.00; 0.00
2024; 10; 13; 9; 11; 0; E; N; 5001.952100; 1959.711300; 50.032536; 19.995190; 95; 200.09; 11; 0.00; 0.00
2024; 10; 13; 9; 11; 4; E; N; 5001.952100; 1959.711300; 50.032536; 19.995190; 97; 200.09; 11; 0.00; 0.00
2024; 10; 13; 9; 11; 8; E; N; 5001.952100; 1959.711300; 50.032536; 19.995188; 96; 200.00; 11; 0.00; 0.00
2024; 10; 13; 9; 11; 12; E; N; 5001.952100; 1959.711300; 50.032536; 19.995188; 98; 200.00; 11; 0.00; 0.00
2024; 10; 13; 9; 11; 17; E; N; 5001.952100; 1959.711300; 50.032536; 19.995188; 94; 200.00; 11; 0.00; 0.00
2024; 10; 13; 9; 11; 21; E; N; 5001.952100; 1959.711300; 50.032536; 19.995188; 98; 200.00; 11; 0.00; 0.00
2024; 10; 13; 9; 11; 25; E; N; 5001.952100; 1959.711200; 50.032536; 19.995188; 96; 200.00; 11; 0.00; 0.00
2024; 10; 13; 9; 11; 29; E; N; 5001.952100; 1959.711200; 50.032536; 19.995186; 93; 200.00; 11; 0.00; 0.00
2024; 10; 13; 9; 11; 33; E; N; 5001.952100; 1959.711200; 50.032536; 19.995186; 94; 200.00; 11; 0.00; 0.00
2024; 10; 13; 9; 11; 37; E; N; 5001.952100; 1959.711200; 50.032536; 19.995186; 97; 200.00; 11; 0.00; 0.00
2024; 10; 13; 9; 11; 41; E; N; 5001.952100; 1959.711200; 50.032536; 19.995186; 98; 200.00; 11; 0.00; 0.00
2024; 10; 13; 9; 11; 45; E; N; 5001.952100; 1959.711200; 50.032536; 19.995186; -1853; 200.09; 11; 0.00; 0.00
2024; 10; 13; 9; 11; 49; E; N; 5001.952100; 1959.712200; 50.032536; 19.995203; -1858; 200.30; 11; 0.00; 0.00
2024; 10; 13; 9; 11; 53; E; N; 5001.952100; 1959.714700; 50.032532; 19.995247; -1853; 199.80; 11; 0.00; 0.00
2024; 10; 13; 9; 11; 57; E; N; 5001.951700; 1959.715200; 50.032528; 19.995253; 97; 199.80; 11; 0.00; 0.00
2024; 10; 13; 9; 12; 2; E; N; 5001.951700; 1959.715500; 50.032528; 19.995258; 98; 199.80; 11; 0.00; 0.00
2024; 10; 13; 9; 12; 6; E; N; 5001.951700; 1959.715600; 50.032524; 19.995260; 97; 199.80; 10; 0.00; 0.00
2024; 10; 13; 9; 12; 10; E; N; 5001.951700; 1959.715700; 50.032528; 19.995262; 98; 199.90; 10; 0.00; 0.00
2024; 10; 13; 9; 12; 14; E; N; 5001.951700; 1959.715800; 50.032528; 19.995264; 97; 199.90; 10; 0.00; 0.00
2024; 10; 13; 9; 12; 18; E; N; 5001.951700; 1959.716100; 50.032528; 19.995268; 94; 199.90; 10; 0.00; 0.00
2024; 10; 13; 9; 12; 22; E; N; 5001.951700; 1959.716200; 50.032528; 19.995272; 94; 199.90; 10; 0.00; 0.00
2024; 10; 13; 9; 12; 26; E; N; 5001.951700; 1959.716400; 50.032528; 19.995274; 95; 199.90; 10; 0.00; 0.00
2024; 10; 13; 9; 12; 30; E; N; 5001.951700; 1959.716400; 50.032524; 19.995275; 97; 199.90; 10; 0.00; 0.00
2024; 10; 13; 9; 12; 34; E; N; 5001.951200; 1959.716600; 50.032524; 19.995277; 94; 199.90; 10; 0.00; 0.00
2024; 10; 13; 9; 12; 38; E; N; 5001.951200; 1959.716700; 50.032524; 19.995279; 97; 199.90; 10; 0.00; 0.00
2024; 10; 13; 9; 12; 42; E; N; 5001.951200; 1959.716700; 50.032520; 19.995279; 95; 199.90; 10; 0.00; 0.00
2024; 10; 13; 9; 12; 47; E; N; 5001.951200; 1959.716700; 50.032520; 19.995279; 97; 199.90; 10; 0.00; 0.00
2024; 10; 13; 9; 12; 51; E; N; 5001.951200; 1959.716800; 50.032520; 19.995281; 97; 199.80; 10; 0.00; 0.00
2024; 10; 13; 9; 12; 55; E; N; 5001.951200; 1959.716800; 50.032520; 19.995281; 98; 199.90; 10; 0.00; 0.00
2024; 10; 13; 9; 12; 59; E; N; 5001.951200; 1959.716900; 50.032520; 19.995281; 94; 199.80; 10; 0.00; 0.00
2024; 10; 13; 9; 13; 3; E; N; 5001.951200; 1959.716800; 50.032520; 19.995279; 98; 199.90; 9; 0.00; 0.00
2024; 10; 13; 9; 13; 7; E; N; 5001.951200; 1959.716700; 50.032520; 19.995279; 97; 199.80; 10; 0.00; 0.00
2024; 10; 13; 9; 13; 11; E; N; 5001.951200; 1959.716700; 50.032520; 19.995277; 97; 199.80; 10; 0.00; 0.00
2024; 10; 13; 9; 13; 15; E; N; 5001.951200; 1959.716700; 50.032520; 19.995277; 94; 199.80; 10; 0.00; 0.00
2024; 10; 13; 9; 13; 19; E; N; 5001.951200; 1959.716700; 50.032520; 19.995279; 98; 199.80; 10; 0.00; 0.00
2024; 10; 13; 9; 13; 23; E; N; 5001.951200; 1959.716800; 50.032516; 19.995279; 97; 199.90; 10; 0.00; 0.00
2024; 10; 13; 9; 13; 27; E; N; 5001.951200; 1959.716800; 50.032516; 19.995279; 95; 199.90; 10; 0.00; 0.00
2024; 10; 13; 9; 13; 31; E; N; 5001.951200; 1959.716800; 50.032516; 19.995281; 98; 200.00; 10; 0.00; 0.00
2024; 10; 13; 9; 13; 36; E; N; 5001.951200; 1959.716900; 50.032516; 19.995283; 95; 200.00; 10; 0.00; 0.00
2024; 10; 13; 9; 13; 40; E; N; 5001.951200; 1959.716900; 50.032516; 19.995283; 95; 200.00; 10; 0.00; 0.00
2024; 10; 13; 9; 13; 44; E; N; 5001.951200; 1959.717000; 50.032516; 19.995285; 97; 200.00; 10; 0.00; 0.00
2024; 10; 13; 9; 13; 48; E; N; 5001.951200; 1959.717000; 50.032516; 19.995285; -1858; 200.00; 10; 0.00; 0.00
2024; 10; 13; 9; 13; 52; E; N; 5001.951200; 1959.716400; 50.032516; 19.995274; -1855; 199.69; 10; 0.00; 0.00
2024; 10; 13; 9; 13; 56; E; N; 5001.951700; 1959.712500; 50.032528; 19.995209; 857; 199.80; 10; 0.00; 0.00
2024; 10; 13; 9; 14; 0; E; N; 5001.952600; 1959.709100; 50.032547; 19.995152; -1858; 199.69; 10; 0.00; 0.00
2024; 10; 13; 9; 14; 4; E; N; 5001.954100; 1959.705700; 50.032566; 19.995094; -1853; 199.50; 10; 0.00; 0.00
2024; 10; 13; 9; 14; 8; E; N; 5001.955100; 1959.702000; 50.032585; 19.995033; -1853; 199.59; 10; 0.00; 0.00
2024; 10; 13; 9; 14; 12; E; N; 5001.956100; 1959.698100; 50.032597; 19.994968; -1853; 199.50; 10; 0.00; 0.00
2024; 10; 13; 9; 14; 17; E; N; 5001.957000; 1959.694300; 50.032616; 19.994905; -1857; 199.30; 10; 0.00; 0.00
2024; 10; 13; 9; 14; 21; E; N; 5001.958000; 1959.690800; 50.032631; 19.994848; -1853; 199.40; 10; 0.00; 0.00
2024; 10; 13; 9; 14; 25; E; N; 5001.959000; 1959.688600; 50.032650; 19.994810; -1853; 199.19; 10; 0.00; 0.00
2024; 10; 13; 9; 14; 29; E; N; 5001.959000; 1959.688700; 50.032654; 19.994812; -1853; 199.19; 10; 0.00; 0.00
2024; 10; 13; 9; 14; 33; E; N; 5001.959000; 1959.688700; 50.032654; 19.994814; -1853; 199.09; 10; 0.00; 0.00
2024; 10; 13; 9; 14; 37; E; N; 5001.959000; 1959.688800; 50.032654; 19.994814; -1853; 199.09; 10; 0.00; 0.00
2024; 10; 13; 9; 14; 41; E; N; 5001.959500; 1959.688700; 50.032654; 19.994812; -1853; 199.09; 10; 0.00; 0.00
2024; 10; 13; 9; 14; 45; E; N; 5001.959500; 1959.688700; 50.032654; 19.994812; -1855; 199.09; 10; 0.00; 0.00
2024; 10; 13; 9; 14; 49; E; N; 5001.959500; 1959.688800; 50.032654; 19.994814; -1855; 199.00; 10; 0.00; 0.00
2024; 10; 13; 9; 14; 53; E; N; 5001.959500; 1959.686600; 50.032661; 19.994778; -1853; 199.09; 10; 0.00; 0.00
2024; 10; 13; 9; 14; 57; E; N; 5001.960000; 1959.684900; 50.032669; 19.994749; 94; 198.90; 10; 0.00; 0.00
2024; 10; 13; 9; 15; 2; E; N; 5001.960400; 1959.684900; 50.032673; 19.994749; 98; 198.80; 9; 0.00; 0.00
2024; 10; 13; 9; 15; 6; E; N; 5001.960400; 1959.684900; 50.032673; 19.994749; 99; 198.69; 9; 0.00; 0.00
2024; 10; 13; 9; 15; 10; E; N; 5001.960400; 1959.685100; 50.032673; 19.994751; 96; 198.59; 9; 0.00; 0.00
